"","WLS1","WLS2","WLS3","WLS4","WLS5","WLS6","WLS7","WLS8","uniqueID"
"1",-0.24159601625356,1.75755439685732,0.976397147733618,0.258243212576566,1.70557220877593,-0.151610786766247,-0.347304706177485,0.499039894487689,1
"2",-0.558909854762588,-1.34521797991251,0.56291395853701,-1.61680803016108,-1.4149104712736,-1.31192564038821,0.0822560966898633,-0.488296760666494,2
"3",-0.858380708610214,1.64701908381689,-1.17020182419192,-1.34654725358252,0.0648158374102079,0.59036442403747,-0.264507939930615,1.47473012278457,3
"4",-0.303997447726944,1.23846900288883,-0.358220635931953,-0.37147994824818,-0.667259736833968,0.456806360119267,0.902321838048762,1.6775936698928,4
"6",-0.353398675088839,2.33198071124762,0.900777395766976,-0.395680682518864,1.07573373037215,0.696402852729101,-0.348398753298536,1.49389709675194,6
"7",-1.40841414733494,-1.3390160411458,-0.726022111481562,-1.76114935818593,0.190776869379986,-0.200449581947781,-1.42977215816698,-1.30350122400032,7
"8",-0.378962539848276,0.140973662847544,-0.118228834917583,-0.618956199984547,1.15907910153174,1.23845914592427,-1.05096818217275,0.601001463303023,8
"9",-0.714711646914396,-0.964043409346708,-1.21762888869171,0.238408721225842,0.537769238376771,-0.725290523590184,-0.685348279020232,0.62351173988745,9
"10",-0.048567824867691,-0.549577586974632,-1.5046268784489,-1.17196978520818,-0.47219810883256,0.963799805363303,0.226305022784816,-0.160717956323446,10
"11",-0.050743864147436,1.60535215038199,1.74061252466849,-0.198861076211238,0.641881019732453,1.95304172382421,0.803844135285031,1.35748166941838,11
"12",-0.653986725399187,-1.35546955983673,-0.235594777520008,0.203771467536164,-0.490552809012317,-0.413020463658116,0.0297949707437002,0.205185869275261,12
"13",1.02078572813132,2.47521066857292,1.98450801231237,2.00735777924561,1.43522960011407,-0.089578394026888,-0.288229281636603,-0.222819050378777,13
"14",0.37320459806879,1.40520401698225,0.341290578300796,1.31042121524427,0.0640115254525126,1.63230822096326,0.0340647093781209,1.68552007883975,14
"16",2.99164597574935,0.752502732406569,1.74832290275234,1.23628312613512,0.719770332025833,1.49059682740342,0.367074136102989,1.36456203800229,16
"17",-0.267787120062724,-1.56838976075852,-0.748994786394846,-0.501421553097637,-0.640406664039165,-0.0675791447437588,-1.39257257049207,-1.66963185942082,17
"18",1.39524128763367,1.46593235777345,2.51687754639899,0.501683992035958,0.543627186947872,-0.589208004729835,-1.48671767901219,-0.327496419255743,18
"19",2.073902330943,-0.522345283385253,1.91511048225535,0.575965442325356,1.26722223583078,-0.167795855530329,-0.200873745186194,-0.667958672186579,19
"20",-0.707566464119749,2.55974665321488,1.61623844217005,0.979582753514595,-1.43540020496091,-0.32186836792814,-0.405079261361565,1.29735103167275,20
"21",-1.14836165745009,-0.851849522447005,-0.231728476424789,-1.70669167596257,-0.498290515903094,-1.29712853423613,-1.68695480099901,-1.97136552270891,21
"22",-1.11067803610713,1.76768922433813,-0.772378013788384,-1.18551754136272,0.499913019810601,1.10001472957073,-0.709831489371915,1.84074964328966,22
"24",-1.1825886444411,-0.851218697724804,-0.665378348193631,-1.07289984905009,-0.637840769189999,-1.07518843227615,-0.906032189415441,-0.67174738970943,24
"25",-0.187720253652861,0.0142394520488699,-0.61686822327047,-0.292947996165078,0.530453686953142,1.99151295541497,-0.259476979836084,-0.732572304031674,25
"26",0.123104411838339,-1.35666791053432,-0.956821635014144,0.194932236152061,0.207905252814266,-0.48680607940964,-0.266445386318216,-1.12416433324756,26
"27",0.0187020410825124,-0.536383293557351,-0.923056752816082,-0.380965401934871,-1.16370863497542,-0.416352790494898,0.0438633399508892,-0.717158068656808,27
"28",2.54732744184097,0.676461530669402,-0.518499046887308,1.88087489001476,1.61566697306827,0.425262931128067,0.560570173907658,1.62285320223625,28
"29",0.415934467979832,0.389623314025395,-1.03322543019056,0.158419341606375,1.12791145049599,-1.04523653339226,-0.42498522281996,0.259126565601071,29
"30",-0.523549827452157,-0.468976301962009,-1.06841859416869,-0.850225218955644,0.489749458556967,0.492740037502436,-0.881323847101621,-0.136455636538547,30
"32",1.62975364198279,-1.25469913600619,-0.638382043244822,-0.320187171369116,-0.337980590927126,0.996957967207051,0.465113672754431,-0.227974798945914,32
"33",-1.30960600115964,-1.22977287967997,-0.60314129869621,-1.81625617722975,-1.06438139301732,-0.755995049448325,-1.31619226519482,-1.28251288935968,33
"34",0.742921134708305,-0.859160666614222,0.551881539913768,-1.21720333353878,-0.0965152371401936,-1.06586662227588,1.61009237260233,-1.38820087112661,34
"35",1.11206177303816,1.39438966990578,0.350186858606274,0.414724040713164,1.90457298001304,1.61854641720514,1.33590702428563,1.14309324134257,35
"36",3.87700613345781,1.32383240481684,2.46211491674454,0.811092687865624,0.0550456396795935,0.124933989270312,-0.52427880798526,1.80260928936907,36
"37",-0.981576178323057,-0.736884842899671,-0.998545538871513,-1.69642267514584,-0.996790230675552,-0.611954034224652,-0.416338881916092,0.563787031222891,37
"38",0.310634766111097,0.318736834708136,2.15370637340271,2.04775920305771,-2.50556967966566,-2.36750907262477,0.363950845516969,-0.518339748222767,38
"39",-0.676598920492936,-1.39290041103318,-0.569129715480154,-0.916666220778115,-0.453280068671548,-0.540283618303187,-1.35421930661606,-1.09531933189935,39
"40",-1.30096734429933,-1.2215417024264,-0.661262867481764,1.95263264806772,-1.8537056548158,-0.509513768721484,-1.35860239083673,0.332217190180521,40
"41",-0.415839855866287,-1.34569428035565,1.93682913666953,-1.81606995898909,-0.807785409022327,0.277051172746837,-1.85714216239587,-1.53704137804337,41
"42",2.88738366167941,0.763423998575487,1.19303073881526,0.585313058720078,2.12191707929983,1.35725710253779,1.00999111885431,-1.44801185809511,42
"44",-1.1458815980259,-0.73043441685374,-0.261130781531757,0.810300944452798,-0.595274372701843,0.176007856044773,-0.282593522641295,-0.0865946406780805,44
"45",0.136689900610069,-1.3463392505884,-0.604299429321419,-0.888992819337938,1.74761317873582,-0.908736289548934,-0.477504323338354,-1.25923182605607,45
"46",1.62872263880765,0.0242611514731379,0.882989705219988,0.182657838578503,0.667908479208018,-2.01624388831606,1.18560911462901,0.706829966712432,46
"47",3.13218810786918,0.852773235780145,0.708661623459059,1.21629088641989,1.34004177445952,0.215216171407578,0.112070296008965,0.843217740318267,47
"48",2.05798060622066,1.37223323815413,-0.938054681000731,0.426390774497973,-1.24448358119517,2.01645139602114,0.680089686250688,1.07797156572741,48
"49",0.747151787796892,-0.550396751361341,0.156049354511722,1.41541588571135,2.07723901151688,-0.439561026198924,0.741170749455808,0.560351469776686,49
"50",2.30542231202439,0.143536524728554,1.06857026680997,0.296873272148493,0.318570240835973,0.413154134849683,1.30110797253045,0.399882306691357,50
"52",-0.493946566709796,1.39008239536421,-1.713450907397,-0.214399616311812,-0.794656462983422,0.826396469072207,0.5047555679656,0.165547046290332,52
"54",-0.890478538920219,-0.743134163734263,-0.754455480639239,0.707058592525567,0.322305839574998,-0.957290648244243,-0.400423719683493,0.0741517966352391,54
"55",0.734807414301852,0.1136470212564,0.300257645961489,0.810348886992871,1.7955680918344,-0.223099062382735,-0.279345501329366,-0.945103181989239,55
"56",-0.740780476684884,-1.07497585986228,-0.150855867693043,-1.45966619358399,-0.956400757810746,-0.802874005994711,-0.871720748569381,-1.53736318561468,56
"57",0.865999212413396,0.202169702382135,1.38066097656418,1.88132408654768,1.85923454878484,1.51890764051604,0.566756019705098,0.808461115308426,57
"58",-1.13110798001551,-1.04678980483637,-0.208258764378706,-0.149742933856636,-1.41201371981675,-0.708714583274464,-1.02958447209947,-0.375096127332871,58
"59",0.156206680722497,1.47140206089804,-1.05158082747321,-0.300047849384895,0.736098995205277,-0.642732954096199,-0.512453133315709,1.30799523281018,59
"61",-1.17168461309607,-1.33346466311278,-0.681892700835797,-1.79839035663555,0.140317480677759,-1.04697520705175,-1.04281458321558,-1.81683415163159,61
"62",-0.52711497185653,-0.754248635847923,-0.715640051724473,-0.967556203423868,-0.451453080960061,1.15179852763529,0.281687145077919,-0.063275490977005,62
"64",0.208899706922515,-0.716325722870655,1.51317688010291,0.0570351846463606,0.489724244226085,1.03151205423345,0.407505417101791,0.606036122669648,64
"65",-0.61565304011173,-0.872430726706848,1.76225755462038,-0.769251889015877,-0.0833747642772619,-0.018149836815115,-0.0133499974998747,0.711246045993177,65
"66",-0.607467930080744,-1.38910811932134,-0.865405233042559,-0.0954906765339932,-0.699027768315295,-0.953879078017799,-0.771807006789649,-1.7138484570939,66
"67",-0.830419795011936,-1.09788897190329,-0.651491721468286,-0.805705669382137,0.258084226935122,-0.778940179296306,-0.684595054860205,-1.15115242368704,67
"68",-0.211113831479275,0.394018186965793,0.688943982691344,-0.711315323940586,-1.19914067245532,0.010282521987227,-1.31672145035037,0.0908467867368547,68
"69",0.780672365858133,-1.57978736337313,-0.257837579327545,-0.251269694388247,1.31568879137426,0.812954972441902,-0.376716031238734,-0.708504746332749,69
"70",0.716442187663541,-0.26199225693746,0.033086815793955,-0.897997001538394,0.781838768921772,-0.747086949591042,0.745944263074713,-0.618698744208853,70
"71",1.93730868797702,0.836990504766872,0.220830221770409,1.52752636469359,1.64190601046003,0.436564009149422,-0.727637996630428,0.985048487803791,71
"72",0.423205103861681,1.37585023132829,1.59638701264544,-0.447945006205931,0.230733531605382,0.97533007292955,0.176779646676888,1.05330933701136,72
"73",-0.92472285836722,-0.31698777243521,-0.600315632317479,-1.50328216257438,-0.524506875020388,-0.829486880390054,-0.936086980651041,-0.91884753347915,73
"74",-0.268412180383881,-1.54401946196977,-0.513250191567062,-1.21935380617515,0.560405977133008,-0.169047245961578,0.0303030299027937,-1.16759862705188,74
"75",-1.12808065925826,-0.397045542839801,-0.722540544089694,-0.940253109905145,-0.496606283012039,-0.971253284998046,-1.16087564100161,-0.881991845327763,75
"76",2.56194287974178,0.372131065883222,-0.926057778388761,-0.387273065777105,-1.4090710118857,1.36811111242533,-1.91531946223579,-0.270253822457203,76
"77",-1.00074907718462,-0.192513985891341,-0.751035769142961,-0.907880981937841,0.448530771749427,-0.982567407619138,-1.04713625969476,-1.12423758891935,77
"78",-1.00643484743542,0.35705242538243,-0.717858964101366,-1.14541944430447,0.690410352148681,-0.750170817777,-1.02079743542173,-0.151838535961776,78
"81",-1.21889733111829,-1.1704179157558,-0.175452106280502,-1.6974573761376,-1.66102894996605,-0.955301369636603,-1.59334431820733,-1.7882189412578,81
"82",-0.942565967230749,-1.40157657705233,0.265109916629306,-0.763148794861263,-0.450555637786,-0.49761172508225,-0.958299238438042,-1.40552151650476,82
"83",-1.1193335691429,-0.379099769809579,-0.423022602776064,-0.892533279890515,0.132438070280923,-1.3415277686682,-1.45965333411371,-1.37951944919043,83
"84",-0.506234800777077,-0.1841128902597,-0.456393372120218,-0.401223822353886,-0.942802557924978,-0.0269994509121623,0.292743246092881,0.40365174605465,84
"85",-0.00836157040742155,-0.929148615395764,1.140862014621,-0.212564634294118,2.501833587618,-0.0757590796729193,0.566779185698961,-1.19094678611875,85
"86",-1.0700008220131,1.05316759982904,0.224078838517527,-0.693336776217471,-0.151576372344487,-0.430442403653517,-1.58451854884752,-0.53708942157816,86
"87",-0.0323158612953219,0.333092945759851,0.928608166616693,0.927953260874299,1.49846403827866,-0.681449424011669,0.123535261331425,-1.08999254652478,87
"88",0.822639349676736,1.67046515785849,2.28910325873095,-0.646460617065049,0.424007688154587,0.14158962850206,-0.500562507155715,-0.0290559162648655,88
"90",-1.23390888974794,-1.11784153489194,-0.471276999670091,-1.81032406190496,-1.60543190721437,-1.05568387561938,-1.29411020739635,-1.67334122944663,90
"91",0.131783232966457,-0.196076661318726,1.60681125663409,-1.04855857742394,0.55129092631651,-0.145905868854999,-0.370719934799427,1.29300675452394,91
"92",-1.00226661015188,-0.0538796714507619,-0.0905883111623629,-0.941818653408627,-1.21640480708407,-0.844082446701383,-1.56909048377551,-1.66993934867412,92
"93",-0.899979901256343,-0.530071004511918,-0.0679541370486183,0.0505780861594483,0.24172580057189,0.594723671620372,1.49501893850454,0.54605333291507,93
"95",0.0163317978433629,0.293691713891178,3.2173019895893,0.0618051189256666,-0.179502611118624,0.505423012163533,-1.31927246764933,-0.278431791995873,95
"96",-0.0191857473404129,0.178903816335274,-1.07157621897724,0.462148681458893,-1.44807124677151,-0.592070331026581,1.5743558937853,-0.352961925917122,96
"97",-0.370093915760178,0.25064315356644,1.38302782407454,-0.578118050874744,1.00107485291482,-0.328386310357694,-0.655243727877176,-0.772673236594824,97
"98",0.701901005440685,0.114532707289996,-0.566409638952552,1.08186499724823,1.39451052644772,1.68635403569883,0.384575984493767,0.979958339400049,98
"99",-0.447760931641394,0.107832837432313,-1.41521939350363,0.360954850345033,0.39356476446158,1.10472640513486,-0.933906724117193,0.883690464022443,99
"100",-1.20984128525738,0.457866690555445,0.374945762746499,-0.860669188218718,1.36106698234873,-0.667081875609842,-0.959369804118511,-0.571430543201708,100
"101",-0.511091330125874,0.135035280923494,0.487677813539898,-0.820722361242909,0.591225765173864,0.230685254754466,0.275373688752958,-0.0878390130013533,101
"102",-0.834819516272312,1.43533674068792,-0.0982333425819128,-0.690097357129988,0.871081917585023,-0.917196923994105,-2.19366247777654,-1.18593451801984,102
"103",-0.4631083429931,0.909895967950666,3.95004774462621,-0.496026388820254,-0.904874853694228,0.867661642811306,0.0917231275915544,-0.332104994314936,103
"104",0.991533835916496,2.36735157119069,1.61863036989038,-1.1503510306706,0.454939247999614,1.46115474917603,0.911662585412409,0.255190893808746,104
"105",0.0938749670049436,-1.1453125334528,0.176878796782172,-0.226375799140325,-0.102581427914262,-0.147679192111478,-1.06693750568302,-1.8779080611399,105
"106",0.306449284734223,-0.427353950505096,-0.43473501704783,0.600263272264955,0.992190881861061,-1.36242656824564,-0.387370537492389,-0.169453101751991,106
"107",-0.116012681893214,-0.164840346870689,-0.446547600047182,-0.689458213429953,0.730686575118614,0.104587880563419,-0.0228513622959648,0.314471265154069,107
"108",-0.0517465348394097,2.27966977090596,0.506658026998306,-0.341431452427553,-0.52167874590103,0.747469785403213,-0.0544515554956186,1.23484244306086,108
"109",0.583615205841512,0.203048986079926,-0.410589576686035,1.39137954088076,0.545134762623977,0.65128384890331,0.195913025666268,0.0497443056933262,109
"110",-1.20604048865786,-1.31116456761198,-0.47187272827003,-1.80940367778602,-1.57373529491514,-0.9770261879095,-1.06896630098761,-1.67666829711856,110
"111",-0.215732795204572,-0.435246900508174,-1.12023613136202,0.788218805637358,-0.105412105967735,0.71276076190117,-0.573670319693866,-1.09598111368733,111
"112",-0.499615602008912,-0.646455390420692,-0.932124881375557,-0.0346660996635191,1.6680813908324,-0.188301643939734,-0.649464272945592,-0.628084977249375,112
"113",-0.203446120118553,-0.128382971956545,1.61660939490553,-0.458187039148009,0.157307477307683,-0.92959756148629,-0.589432418155463,-0.404342919374437,113
"114",0.573069036322575,1.58359987666794,1.48834676405172,-0.30220797476865,0.864242392553122,-0.329763026763202,-0.80594521216648,-0.512601150675281,114
"115",2.27233783628995,0.688291149422663,0.605003314633874,0.439523287107611,-0.468415909360499,2.02641203984834,0.314110121987493,1.30112323364924,115
"116",0.0436529395565586,0.546416749215392,0.301891803121506,0.00216390304623144,-0.0440155150536796,-0.597219268381374,-0.708548575094738,-0.457668154750731,116
"117",1.90424901844212,0.21051284225107,-0.0731591021739326,1.13954745710947,0.518926102001594,1.25086409604528,-1.78360288854791,-0.00296472051267241,117
"118",2.29330237898188,0.460853116316512,0.481845497528165,0.756841823003062,-1.44240322684701,-0.0516715415717455,0.326333567178525,-0.966381988197651,118
"119",0.0804272188939109,-0.147929841395025,0.0825155967583781,-0.356600967007056,0.138229794875295,-0.547603761082116,0.900302026600741,0.0268421153491748,119
"120",-0.378227060196823,-0.194996309243768,1.57828044020605,-0.603675579448982,0.130732385692495,-0.51190166186561,-0.561517297781817,-0.292023239647664,120
"121",-0.682544049200802,0.0969888275782577,-0.347372748473085,0.0209347357879052,-0.127818551100858,-1.08148365635587,-0.241545126101114,-0.0529848418269883,121
"123",-0.884544564046115,-0.44127563313259,-0.019390067688371,-0.945273425677191,0.491903041032655,-0.896437242298019,-1.08838042553065,-1.67796318739479,123
"125",-1.05820561291987,1.93378444538312,0.628381935906047,-0.759967919731217,0.754715886226017,-1.03192002764115,-1.58897814533476,0.241392155406293,125
"127",0.414883837958897,1.70391088001324,-0.526381244407256,1.58393091386212,0.250207353949654,0.206570059373074,1.25808116000193,1.50264268946919,127
"128",-0.827998167896429,-1.67414361566893,-0.738960837464756,-1.63978181672263,-1.37099433626038,-0.94852978401164,-1.00165394966044,0.0225463323749799,128
"129",-0.370086621654003,-0.00432744731369362,-1.75873085796548,-0.483266965203166,0.343150308514206,0.526296260698183,1.1437813599118,0.748134892141073,129
"131",-0.690850733330951,1.17606374357353,-0.30553566599347,-0.394874204240604,0.551143184486305,2.39616484680699,-0.579382726088992,1.25768808590015,131
"132",-0.976412763313629,-1.05122956748649,-0.706367989538642,-1.74934066323886,-0.56653950536014,-1.03660497425755,-1.5064475865419,-1.18401350248632,132
"133",-0.308737050474601,1.48652741171756,-0.380667276739891,-0.069710361969429,-0.644876840623665,1.61687458873862,-1.24168373995702,1.25551295521082,133
"134",-0.928680071620814,-0.519980752020389,-1.22401405491045,-0.105096403468788,1.1481853544969,-0.2437271551003,0.00569460644048892,0.693675834957753,134
"135",-1.30941061761496,-1.19751981691162,-0.533681982576151,-1.84555053854545,-1.55519742010539,-0.990128181981417,-1.15288102780782,-0.561891361985373,135
"136",-1.05976960834867,0.74701947118496,0.219764165067378,-1.59565509326459,-0.317561900752541,2.01669770248628,-0.24970430095042,0.692787986807125,136
"137",-0.626595051000945,-1.24819879645879,-0.263085075172009,1.84815481930353,1.84705378109898,-1.00412702793452,-0.276173883651506,-1.78898370914136,137
"138",-0.278064722733742,-0.116235969185924,-0.117735232077564,-1.28981647802688,0.238205520192195,1.00021501639912,-0.0766975000047206,0.915415870812853,138
"140",-1.20900951089817,-0.982425538957318,-0.405091863510755,-1.8035565595553,-1.68651438858783,-0.37610426544465,-1.82137782491699,-1.57896571415136,140
"141",-0.122893915994195,0.996132144585561,0.931667982862761,-0.0532614938619728,0.563216201547344,1.56330319239029,-1.68379086717251,-0.454361976171261,141
"142",2.62150591200395,1.81384923872014,1.66523513042248,1.87052477963799,0.907393780414463,1.10265910523834,0.0537408575401269,1.32250939643837,142
"143",-0.0770637228771356,-0.22172926960426,0.166069979567758,-0.974089677367796,-0.229442763490819,1.67377172285207,0.94327723920535,0.0963812051008174,143
"144",-0.767153176036876,-1.08834468249896,-1.04802524394997,-0.855401724665008,1.29665475780894,-1.18033584462712,-0.82508154844452,-1.30917660414759,144
"145",1.93353259506339,1.33584003791903,-0.44178086165044,2.36622024173151,-1.21478947972246,1.26656039672716,0.620001808311273,0.547635682056338,145
"146",-1.12373201086654,0.0758121384541499,-0.910473128036513,-1.83220242459492,-1.33085518574074,-0.701293698466797,-1.84114518959211,0.494850772362091,146
"147",0.871410303666944,1.51540218092691,0.726950374065719,0.119141900855684,0.631580873240279,0.517409810148274,1.47749633333276,0.166063232218778,147
"148",-1.20075090477811,0.0129317922546005,-0.661681914813778,-1.73155508494263,-0.603830633288646,-0.215599462934733,-1.31819709798531,-1.30787670421548,148
"149",-0.929073558988484,-0.976995957998356,-1.19598292624931,-0.831409949659697,0.352051288748349,-0.415147601531907,-1.13871261238726,-0.255212169231183,149
"150",2.92189101151914,-0.556288201767159,0.605435809588314,0.893513923188315,1.31565424680111,2.61573752053498,-0.4563486172467,1.17900838593203,150
"151",-0.166082570052363,-0.773544615962827,-0.53130511376059,0.287055702006825,2.46520301285042,0.832203775621585,0.475628655309983,0.764786987790033,151
"152",-0.968647310581301,-0.553862497789646,-0.811707365441096,-1.47402158390805,-1.34734979580657,-1.05485219375438,-0.932271341034862,-1.17102049341246,152
"153",-0.602178512029988,-0.74732623593953,-1.22315843467889,-0.597094675899329,-0.724214689581483,-1.09526225944871,-0.841436562782915,-0.88574531875928,153
"154",-1.11443056691836,-0.752090539100138,-0.490117722658375,-0.966829675846996,-1.18983407636777,-0.448068170858266,-0.356263055818168,-1.31135621284459,154
"155",-0.600869039976429,-0.546713080039849,-0.488843851717217,-0.189702372975622,0.888276757054879,1.30944154594412,-0.158008896725894,0.994935030394623,155
"156",-0.128356437031436,-1.05958883967385,-1.02180768851047,0.402440745166106,0.595011909951778,-1.02761222706424,-0.299199585194549,-1.17254369160503,156
"157",-0.599123959436661,-0.666887317315472,-0.391009990930756,-1.22707488489936,-0.932358249149123,-1.51761623615094,-1.51865817228814,-1.27283076651051,157
"158",-0.380536087081169,-0.264781428569064,-1.32660156944821,-0.630421220722672,1.07676371689605,-0.28743029506314,-0.0955138322118549,-0.0306371333553672,158
"159",-0.327968785966631,-1.10409125616013,-0.735847196679857,-0.535585112832591,-0.365381610065497,-1.12023500606741,-0.8686826518889,-1.36507760548498,159
"160",-1.21047327064628,-1.00954886735283,-0.645045148057166,-1.76030956510398,-1.42850022219544,-0.871332286248692,-0.194926188849155,-1.10649627980118,160
"162",-0.955939730861049,0.574268743160327,-0.470961058576929,-1.09989247197353,0.182860530101154,0.298056982224472,-0.101022555780462,0.172837364877656,162
"163",-1.33534738837768,-1.43617256515061,-0.560033895885146,-1.8541807682653,-1.00413807400955,0.562445750451467,-1.49521090670424,-1.28343537784765,163
"164",-0.0808976304968656,-1.09634177473889,-1.06326395110936,-0.0478383245662628,-0.139183746161514,-0.837507838091935,-0.810595831729079,-1.9582117016787,164
"165",1.26833615612482,0.617729507776134,0.390530285700955,1.42885211966436,0.287420929094044,-1.21902334021111,1.0490644032225,0.84018027910205,165
"166",-0.846342313200384,-1.56494069091411,-0.39738059879452,-0.784063601444049,0.358607460593048,-1.03630957699295,-0.575597175635515,-1.38708623250612,166
"167",-1.02160604586005,0.467745140352729,1.9299954961448,-0.718931332044665,1.28800443644456,0.111570244103791,-0.474151804314371,-0.994134894731027,167
"168",1.25855316084015,1.58140539666221,0.0471135187866607,-0.0161886884279479,0.417112146391193,1.57470032846023,0.259347224409733,0.551021553717925,168
"169",0.520119805033388,-0.971319652656294,-0.652776400489737,-0.128624118906805,1.69081473687444,-0.422416820652827,-0.645526953912187,-0.149344613346412,169
"170",-0.616913658144386,-1.31640477441058,-1.37870480909722,-0.516231817692225,0.895735896999185,0.00197364460276308,-0.956410386752873,-1.86941193352933,170
"171",2.50616696542601,-0.546797811607911,-0.455470655854474,-0.269636917720543,0.746997113159777,0.546082675464438,1.32763349489683,0.979308125614803,171
"172",-0.056140841686076,-1.37313688331443,-1.10139442759003,-0.516167239465367,1.54162811413204,-0.928853405222515,-0.864291900343726,-0.46252988613512,172
"173",-0.91404064391647,-0.463819438582669,0.71623487592537,-1.63522756353051,0.700104196239243,1.09558003386433,0.0828445393149103,0.468369563979503,173
"174",-0.853164814311147,-1.0086851025505,-1.09189693023893,-0.736762152765867,0.484103128156013,-1.00622695954447,-1.62474415496986,-0.723971199752518,174
"175",-0.686062227050067,-0.577187823379221,0.336608886281525,0.243292608683437,0.748648779568066,-0.137910618813404,-0.299603941366492,-0.294822527537257,175
"176",0.541806808499828,0.552675435461682,-0.931208889198921,0.448874638979616,0.130247052690365,0.0608840854604005,1.0484764343809,-0.300056580289982,176
"177",-1.14354320348534,-1.02197992670292,-0.45722740715873,-1.6057724150728,-1.19979405147356,-0.358656801967555,-1.44229780192993,-0.938408060512377,177
"178",0.102071205770658,-0.0908964119891497,-0.20750647847895,-0.433585401118779,0.811892056824249,0.494672781309255,-0.174802738064053,0.552746807839843,178
"179",0.469501695560678,-1.76401371612819,1.38739387250938,-0.818830466871762,0.698709948775869,-0.325994531835849,0.240388658491723,-1.51445002493008,179
"181",0.325337811761836,-0.14602583473296,-1.273654227993,-0.0275702768129021,1.2126031716575,0.441172339748926,0.284807069123367,0.591019229154201,181
"182",-0.443728374196162,-0.774806008420113,0.264040984838101,-0.154090191550817,1.1351802320936,0.0348293542917724,-0.826455377342638,0.275175105614714,182
"183",2.09770181627097,0.267961499083847,-0.987175273626852,0.162378143849134,0.951775637397939,0.789889613291253,0.00879991481250917,1.52868227734251,183
"185",-0.767218266537985,0.173197654276546,-0.338036678155399,-0.854033763205255,-0.352393438874528,0.122286054348406,0.535199330713797,-0.725250481639587,185
"186",-0.709103491937465,-0.451697553167661,-0.345182284588371,-0.611845579801001,-0.165710451743271,-1.26428671728219,-2.01179543374016,-0.940969821510815,186
"187",-1.31317749625898,-1.12032268230486,-0.537225971014832,0.481461926590305,-0.763118359855666,-0.529407938972694,-1.78477574928863,-1.27447582943084,187
"189",1.59499342431848,0.170801021016223,-1.55397907066916,1.23441199386409,1.04769917092675,1.05471973760121,-1.10891694022939,0.862394336938466,189
"190",-0.890779433778008,-1.62444285107805,-0.534495033092209,-0.416051663856985,-1.21830368871788,-0.698271821274309,-1.01268099824762,-1.08892607533287,190
"191",-1.17476943152339,0.0528987071451277,-1.07180059323956,-0.852390512187081,0.583128722195214,2.19851837897502,-0.447919738233259,0.609380574541944,191
"192",-0.0671584180032792,0.453282284075674,0.79226931952144,0.996801146393966,0.615606076447841,2.08447234621644,-0.106473243732129,0.0981382209414276,192
"194",-0.611121714026943,-0.338557141054718,-0.436448625189453,1.03890352901728,-0.388208461173526,1.3517758947037,0.338185900747803,0.524409708373601,194
"195",-0.948885453736805,-0.939387378743989,0.204658025889309,-0.646336773401585,-0.450786697260751,0.216574662301495,-0.158235770039992,-0.7890078360467,195
"196",-0.884827833567053,-1.73610442830487,-0.900963003475515,-1.30386907372079,-0.748901184370373,0.153570398971724,-1.2649441678856,-0.487342333213308,196
"197",1.74947678489899,-0.904061478446465,0.927804264093118,0.223434413995821,1.29420490924851,1.94503031359971,0.0849744197464269,-1.26972312264651,197
"198",-0.353888052037386,0.850887668515619,-0.165870035342989,-0.0544546812992003,-0.578242240671833,0.919067394092585,-0.305940359592534,1.27247469601758,198
"199",-0.498591157847449,-1.20765334225397,0.126175461366624,-0.331506787821371,0.947767271943996,0.96118114713421,0.794633629217447,-0.0358778344013327,199
"200",1.34784125433871,-0.620694546318577,-0.415076758095559,-1.2386485318181,-0.0130142727926914,1.59880100700093,0.313041177430989,0.236607957149756,200
"201",-0.364723246605937,-0.49693717977253,-0.787510608802804,-0.537958556590994,0.0463595671864043,-1.64482687441626,0.398931285770795,0.195643651628707,201
"202",0.251631160625697,1.0057625329948,0.247854089649427,0.299059486456799,1.48367827228128,0.218199523229283,0.682726953249983,1.20269603874969,202
"203",-0.146523329647572,-0.705569569730318,-0.998385046765276,0.657721814269417,-1.0884134419575,-0.791660158321626,0.0638446163614828,-0.848691814212062,203
"205",-1.0362294681591,1.97746786121615,0.141685765551521,-0.665575244562155,-0.191958164921038,-0.480526295541168,-1.80157498571559,0.171922269128892,205
"206",-1.2038658924121,-1.33197089903465,-0.527075431571728,-1.78071973027207,-1.13251540339084,-0.802558368819355,-1.1501194278299,-1.85086080522742,206
"208",-0.451173255324673,-0.8633702655906,-1.34013600186763,2.06353511332985,-1.73745013876425,-0.76043331498092,-0.624775589518881,0.15665792817855,208
"209",-1.29852635848828,-0.252715574312836,-0.949979041453564,0.40045026345524,-0.557936147130574,-0.84312729461137,-0.874970273443712,-0.691473234305901,209
"210",-0.924749921389822,-0.571639421789484,0.773192883945737,-1.646163639467,-0.680647384972936,-1.48357509516098,-0.911576530107936,-0.759328891999766,210
"211",0.707974576905305,-0.456579584066471,-0.53632471435738,0.255912800355735,0.202930759642253,-1.12368528138463,-0.468086250950209,-1.30400562883905,211
"212",0.757355020144476,-0.644505107980171,-0.288068891910293,1.28921149606893,1.55136385983918,1.46761587141056,-0.2169508197716,-0.126659279206706,212
"214",-0.00843995530951838,0.544744182940521,-1.04370678911994,0.552616852647212,0.00435048219197454,0.00538282675874812,-0.80639450269296,-1.31873334112628,214
"215",-1.14205481789647,0.544430944198435,-0.721656175453677,0.598959103749027,0.00673284335529295,-0.899198195578639,-1.80542423379946,-0.0298334091027461,215
"216",0.120824063856794,1.25636271467177,2.24105389759227,0.925559273312391,0.460316749489152,0.553050863840941,-0.044091791061039,-0.0103788859985087,216
"217",1.12799106811138,-0.237377487744514,1.05302467537283,-0.509207571021777,0.556580115246283,0.0278608325137565,0.604281305812507,-1.3115990091824,217
"218",-1.0229655910756,-0.788219500111958,-0.294759815981809,-1.5544261202856,-0.281725548444481,0.0889479567986273,-0.823099635584812,0.988484973176743,218
"219",-1.02860519469872,-0.926066051751708,-0.973469831427658,0.0422176666719374,0.302554128872802,-1.0268209566111,0.0912041720587864,-0.262808611973477,219
"220",0.0296781202607749,0.136861976657822,-1.61440496443296,0.772498882787297,1.66230306153707,1.97594747644999,0.180665763035569,1.08151629734222,220
"221",-1.3495949889549,-1.07700003563937,-0.224875450152335,-1.80324795224195,-1.01541435227864,-1.20503016000713,-0.531117746294362,-0.987851367886769,221
"223",2.16085655039222,1.70608267006893,0.614698413099869,1.35269290989652,2.56314698121529,0.0549661513276355,-1.09280600101769,0.751846321786151,223
"224",1.06630202028544,-0.256395277809765,2.32633246584581,1.88169558322973,-0.641747857380238,0.497096294326379,-1.00651093967599,0.862120754144559,224
"225",-0.759620701744067,-1.59381491940242,-0.798128083073301,-0.907377223104579,1.10319100034312,-0.256626044690649,-1.31638996195455,0.0728132209934482,225
"226",1.47281764185745,2.25707767114009,1.29906296749405,1.0127983242261,-0.869676239002338,1.38793370205295,-0.245706560417374,1.01426175523044,226
"227",-0.728751515794578,-0.0517989797787916,-0.701449300230078,-0.566480867993088,0.423758625462766,-0.307989014277787,-1.01570071464673,-0.730034821420355,227
"228",0.362765250609908,-0.650464939908775,-0.631508918897696,0.191960063129033,1.04081270936382,1.21746193326176,-1.1203606929324,-0.325112977455154,228
"229",-0.310004167966985,0.704081701013178,0.576873864045415,1.75309706175335,1.45837480539013,2.24281140973823,-0.827952115911133,2.12107708737683,229
"230",-0.683275424477477,-0.348445509385389,-0.475653321319786,-0.631557832620833,1.48451496465687,2.28085384995592,-0.0305617968574565,-0.140940424521276,230
"231",-1.2114669100247,-1.0316473024487,-1.02753557923951,-0.509364003092618,0.00676139519092816,0.266242430144186,-0.846266002997175,0.594363402559401,231
"232",-0.784820481340895,0.68890848808172,-0.262616860205203,-1.0670466656428,-0.0260708341564864,-0.838421646189115,-0.622410487483519,-0.5496842067876,232
"234",-1.10636281314546,-0.443556873544836,-0.740641176377058,-0.61581835019729,-0.726937671341335,-0.855951682723965,-0.81554852393661,0.718195824408893,234
"235",-0.776813339965692,-1.13032869599619,-0.723275517666999,-0.78304743152865,-0.342640262562769,-0.580818210492164,-1.34161740118965,-1.24614803127393,235
"236",-1.27284993976026,2.44415029266079,1.56046931303489,-0.99774097510469,-0.656888835359556,-1.32767241285224,-1.51414968609105,-1.60017303315898,236
"237",-0.267195107284112,-1.06723098102449,-0.811998113437319,-0.670091062644657,-1.08362762625032,-0.0693029560698472,-1.08569070315802,-1.23936134686616,237
"238",2.7107193030711,1.76503160085912,0.470149254521746,1.21226348260968,1.13632360148426,1.99377871366082,0.265196424097254,1.68197837668021,238
"239",-0.879821091006605,-0.202327856609049,-0.460497127282108,-1.70586277565152,-1.8575658630854,-0.0830801401218455,-2.49117375014057,-1.38871426322712,239
"240",-1.88074165333104,-1.12988698614412,0.460201167403847,-0.430715183925796,-1.60518976479022,-0.707320132542794,-1.24815378505581,0.683082971616963,240
"241",-0.114437378320485,-0.422804248465018,-0.553015879244405,-0.0758555194963464,1.36111639388175,-1.28688625393384,0.397803979425368,1.25274864639444,241
"242",-0.0900074877447086,0.593479092320197,-0.309817980545354,1.51723808292704,0.271421528168402,1.18713551834465,-1.06584339985092,0.601207485933501,242
"243",-0.622600514510906,0.725408881567868,1.37710103121837,-0.857756792084008,0.241371670329666,2.12095867018158,-1.33102409351123,0.854968647431583,243
"244",0.420132616941986,-0.298647912405226,-0.522235698373052,0.763113798395038,0.425955158944089,0.121359478853637,1.01842049528201,0.504003886020291,244
"245",-1.30717999257848,-0.167572704203042,-0.506200341914804,-1.59769203960806,-1.03578827095651,0.133231028046052,-0.624055418559364,-1.49087611896584,245
"246",-0.878379241905442,-1.07852285237743,-0.426541986461228,1.32482982682686,-0.188096345728609,-1.49034544494488,-0.365624531674876,-1.86090061683095,246
"247",-0.0406354845191348,-0.272754837049014,-0.53621543102584,-0.123273307244194,-0.771244172122939,-0.902226369601012,0.980038368379391,0.267099428605067,247
"248",-0.298607215583398,-0.997787673354909,-1.11517883286908,-1.71512759608151,-0.659734388332709,-0.665927485817349,-0.0196120150010828,-0.313311078944469,248
"249",1.44135072595765,0.182115268784272,0.559108180105939,1.63670611176579,1.45089742180153,1.69979365848787,0.975984787935693,0.228700623503277,249
"250",0.859040633844538,-0.365846123578646,-1.12644210886005,-0.192826736500595,-0.911376011019366,0.452538534729079,0.187808026298557,-1.65673731554945,250
"251",0.505430621248321,0.373955370097497,1.72715128660814,0.187843887937638,0.130155607480634,0.690565572015888,2.42837790419537,0.238173287570306,251
"252",-0.132810453880454,1.34385632575913,-0.475889040833155,-1.31490991691073,-0.736777884991224,1.46622373567368,0.0945863548242627,0.248604419146088,252
"253",-1.16295915742437,-0.673293680502402,1.53731989555863,1.13017903284185,1.65881219420506,-0.247388481934014,-0.791372820023434,-1.58614969124963,253
"254",-1.25082544868225,0.382712577133026,-1.05207258411266,-1.27846624974539,-1.84829177421451,0.0167686695974276,-0.675578737094266,0.601895136879624,254
"255",-0.755885538086129,-0.56581600256176,-0.844392116014486,0.470012653019907,0.0861140667869003,0.611748358523997,-0.9467096200604,-0.310886904165703,255
"256",3.40687548612377,2.96031298750858,1.93316678292226,0.494097085126623,0.462286433128675,1.53049012957988,-0.216370741134834,1.46189526446244,256
"257",-0.626844138488873,0.129150340535269,0.501704463770565,-1.44632256332536,1.01386204745773,0.494454783581484,-0.597078653505841,0.29731538407069,257
"258",-1.21718374794171,0.328910522678367,-0.880015052381409,-1.71413356152993,-0.372429766574235,-0.48517943174855,0.34481564144281,0.442081766519946,258
"259",-0.799653425687484,-0.725583274450844,-0.15555286524105,-0.907501309150487,-0.550989921124712,-1.64177267476639,0.511970975681872,-1.59032851030838,259
"260",-0.30460017670836,-1.22774571952589,0.00662670840249591,1.78748172557422,1.40179191140911,-1.03378117583039,-0.497391759984313,0.376062351059719,260
"261",-0.154564265987074,0.888008023731951,-0.563711732124914,0.0534816291628065,-1.33155695278416,0.0231271044879181,1.39305512832669,0.708611286550173,261
"262",-0.390113090833503,-0.849311275284042,-0.623071751928268,-0.856999087261783,-0.238394337023471,-1.17029705562569,-1.08833059238108,-0.427805087802715,262
"263",-0.897473942115108,-0.855541570539993,-0.592656155879088,-1.19451904542697,-0.759392515050641,-1.14972588033211,0.120800683639795,-0.727681845104195,263
"264",-0.972991029025794,0.387097324462142,-0.684214927778953,-0.636009800216816,0.201961279234981,-0.632955406784865,0.539104657110692,-0.216260124238669,264
"265",-0.95550053968203,-0.8349825981692,-1.22669138121129,-0.0212433025525023,-0.868730740858215,-0.272910986893761,-0.758666005979003,-1.75561610399842,265
"266",1.29357268493399,1.05844346176035,-1.075097757262,0.83254124037024,0.685372053404999,-0.0183438195418787,0.571387975970574,1.18997784404745,266
"267",-0.600991761660401,-1.22746298250027,-0.477229584425648,0.349394119911759,0.574623969189527,1.28495423233753,-0.0433434005219905,0.214357601267787,267
"268",-0.313194943921089,-0.39678531124603,0.343009906570551,-0.190668040185908,-0.710496311282489,-1.25140941004613,0.599052675673481,-1.27401977906412,268
"269",0.451955611991775,1.13527121819695,0.183187692760985,1.21064658417854,-0.195953325371278,0.333641620123556,-0.980825159009107,0.135020903616077,269
"270",-1.05051879402889,0.938539665908856,0.0612191526813949,0.801361124746394,-1.25725632098164,-0.306889427850257,0.138109060297566,1.90839823083991,270
"271",1.10216350387204,0.349229183673525,1.98452559453846,1.62338949437856,0.434899286690179,-0.486050990329447,-1.67290106678707,-0.0239972904655248,271
"272",-0.690823389827215,-0.970568464822587,-1.15655774630713,-0.421309950973733,1.51858055094199,-0.565575162190234,-0.199799091647737,-1.31304856508503,272
"273",1.19522565511666,1.99078334614181,0.867350281045987,2.21768491324865,-0.494238094971023,0.922494894367769,0.326524288316023,0.611519345204146,273
"274",-0.569779252566757,-0.338033098928453,0.748601938407078,-0.519547348822194,-0.0985103060367015,0.715468050777892,1.60082721168962,0.38823609490926,274
"275",1.4426400117628,0.917556969976718,-0.407624046224285,1.14724466207546,-0.223302739222359,0.566715308016499,1.12099101935241,-0.0357492060107579,275
"276",0.889667857100258,-0.0554612196039088,0.392637850135148,0.814783261191414,-1.87787072861471,-1.1385039225999,1.22287744060448,-1.11705028677349,276
"277",0.489379753931291,0.135405319630464,0.769966724353567,0.420390004897815,-0.409345414332762,0.373435335611739,1.11320491781148,1.36695436598834,277
"278",-0.228394870630958,-0.1101757728331,1.01987346982525,0.629567050324124,0.437764238809109,1.05496007887306,1.3969600608698,1.21239467917911,278
"279",0.0188968956201264,0.055913625216717,0.819001702205557,1.35464870199382,1.51928673570128,0.301556477579282,-0.081306729963897,1.10015141378458,279
"280",-0.730463960382555,-0.745535423922777,-0.811939632332256,0.808717607021455,-1.04646113616776,0.806201719840279,0.176169541151531,0.0286077637548915,280
"281",1.03886874902381,-0.358052267529934,0.374001259635362,0.118836348185767,-1.8191818063974,-1.99722756066787,-0.281708139228567,-0.468693189055343,281
"282",0.476143760922859,-0.230693517432417,1.34537094474243,1.02151209005805,-0.366729435551365,-0.907003612745951,-0.018066364097812,1.42792687623571,282
"283",0.0977264626653387,1.42461961164471,0.720089005087258,1.33550044504067,0.183523403320436,1.85622146364706,2.30516769355031,-2.03309528817022,283
"284",-0.315682590892259,0.475870586218766,-0.407369636263574,0.58781051448321,0.704745580840753,0.536552137740691,-0.434139213071248,0.644658489648947,284
"285",0.98341759208907,0.895333755898728,1.74141250598009,1.9597667765522,-0.642158936995465,0.761921543751159,1.19771194539803,0.558244854043901,285
"286",-0.730728130366989,1.08625296861935,0.574459429434383,2.06057881363589,0.523577348504092,-0.351206826650127,1.63089066517014,0.00109419067341748,286
"287",-0.458954785812263,0.298812537087388,0.19480745236664,-0.0710295185626953,1.20056912576106,-0.306953025643149,-0.246773272843538,0.576674478860567,287
"288",-0.966281438666245,-1.45333363118275,-1.05040079532654,-0.172115496249499,0.967421848340527,-0.921762775394655,-0.407121005544303,-0.848104454707445,288
"289",-0.408205502825683,0.317710628645956,-0.205626795757261,0.736306133160987,0.227043439051915,1.23744602413871,-0.393330583198437,0.282893210722404,289
"290",-0.783119822205655,-0.025191209179801,-0.996095157512583,-0.801254395922993,-0.561404558667561,-1.03519864291528,-0.976496708559908,0.818822033437627,290
"291",1.56933336101939,1.37698406793184,-0.874417446955514,0.939836629698427,-1.01355985067871,-0.417514441391172,0.824943576281057,0.243403482282831,291
"292",2.27412600670564,1.6808399096392,0.901001184898423,0.133211233051057,1.21169153555847,1.87297245191172,0.945082207267806,1.6430682951987,292
"293",-0.382762350247692,0.638005534347801,-0.797441783360698,0.824967246250727,0.195354605804003,-0.40542591691351,0.470524012188503,0.516246105985371,293
"294",-0.989814320861302,-1.13123402080371,-0.870363193006752,-0.631652598736394,0.545448293668721,-0.499816467550878,-0.0530144793510703,-0.477728307132718,294
"295",0.705550437283451,-0.174964754041565,-0.468092581781169,1.10001581021559,0.979693213357207,-0.860841469124135,1.38914503269424,1.16761248042302,295
"296",1.99866471790319,-1.43911249953209,-0.323302778017809,1.10619560362411,-0.410211842919815,0.277788190843121,-0.843366943117954,-0.292985623600199,296
"298",0.541924600517824,-0.607176765445004,1.16751596373627,2.02224808892284,-0.0451175222642595,-1.25318685149862,1.24832849602258,-0.271921713758621,298
"299",0.469845292255144,1.72445719041409,2.490752146702,0.469965347476518,-0.335368666710506,1.92795634582408,0.187640300763326,1.39248204611945,299
"300",-0.124316857176622,0.744205695877567,-0.25770477819474,0.302238844018941,0.327048479007822,-0.717629478112402,0.614457308194302,-0.805748227012649,300
"301",-0.984579779283226,-0.532273830910015,-0.831958599949963,0.210934069490309,-1.19221717942865,-0.634302573380454,0.211103440117403,0.0416247111427154,301
"302",0.0540102351473984,-0.383046583824087,-0.731743587650463,-1.20601394363518,-0.401690127638965,-0.349139217825992,0.897167689415771,1.55814109741143,302
"303",0.576233602358646,-0.593796605560098,0.556868427162518,0.969547862928947,1.31215687854758,0.196173838739211,1.07178144308943,0.236858957802501,303
"304",-1.31124877718942,0.26342336869604,-0.354653674482717,1.6874459636313,-1.34675199050767,-1.17731984306984,0.121179720489815,1.06761216545801,304
"305",-0.251969032335579,0.811767496577666,0.430521589011799,2.09225672934723,-1.176206434966,1.10433231535587,0.821805982382294,-1.71094782313589,305
"306",0.318446776164399,-1.05175862037794,-0.995792303276844,1.01271059405192,1.27458446832289,-0.691443664506013,1.38513978416088,1.26929579904202,306
"307",-0.239899770738421,-0.0197924256154217,-0.573135700036681,-0.309517108963018,-0.310061877821382,0.156232625942365,0.868354544883788,0.461112919044581,307
"308",1.54235950118281,1.0936214731347,3.66075208541398,1.1934005371059,-0.83025568018809,1.11202514340349,1.28338844227445,1.39117827311892,308
"309",0.244296402937105,0.596328160693119,-0.328934299871133,-0.0748457969759818,0.598552810839113,0.71902039914167,0.821466166000788,1.31881623359248,309
"310",-0.460872141844952,2.06496850743899,-0.105453715723681,-1.59044557457369,1.10118522505413,2.67145140569444,1.30615650595136,1.00695654213956,310
"311",0.978378100261123,-0.366968891822136,1.93057518930574,0.96303638319188,-0.455460014751681,0.258290881680841,0.52953186582047,0.634440823880496,311
"312",1.18414415983629,-0.308716975685804,0.0598160425943202,0.191953009228577,-1.36616645231456,-1.5061123215632,0.602423315645868,1.23130961138314,312
"313",-0.600285966346063,0.00480478901020296,-0.120636267223077,0.266723450917624,0.707467283536179,0.947615206717007,0.214438817499071,1.71355525370337,313
"314",0.314246730979594,0.119650330122141,-0.528617339495155,1.46675754916664,-0.099002578068383,-0.888951763717936,1.67705087979973,-0.559056599026264,314
"315",1.2907344782118,-0.303782398866571,2.39732720566127,-0.39555269273546,0.42112633341734,1.47439283912617,-0.142467769729276,0.460929898798494,315
"316",0.540253703242584,-1.4048431170887,0.523860386529267,1.77634656465313,0.574478039270353,-0.926389750849257,0.452550180675995,-0.823892227986984,316
"317",-0.936079517052911,0.835837541813967,1.13486655208556,2.00552817993174,0.831354719565968,1.27288928793639,1.00609286510025,0.696080854565576,317
"318",-0.857518689453837,0.125991575844093,0.777924712993351,-0.12577082625992,0.933303327004486,-0.744200487624631,-0.187617990857927,0.118483908601499,318
"320",-0.116225892157078,1.61459829992673,0.386649303564008,1.57241605375634,1.36929859343483,0.838155919765603,-0.584384650828512,1.59166514568915,320
"321",1.58970522021612,-0.0562065847678138,1.72232930786784,1.08501759990082,-0.27153666217514,-0.780398421620547,0.538423969010644,-0.531109981165953,321
"323",-0.741899142750466,1.00255830793058,0.865094600319965,-0.954835610093845,0.728307099825744,-0.362258269679651,-0.311975100940194,1.32044545638188,323
"324",-0.131605878118258,-0.63875771311014,-0.634360644368107,-0.586581211757801,-0.194282233260981,-0.34427418525883,-0.929518066180565,-0.603853965200462,324
"325",0.735216752654638,0.335798532274188,-0.337540636210821,-0.111097474539322,0.140526261879828,0.0106238188920657,0.819450850293844,0.0881526903959092,325
"326",0.938994178477868,0.45440676238149,-1.35126640100525,0.00302580756461901,-0.556344660011378,0.114854483382689,0.236865853781482,0.635403377026877,326
"327",-0.260513644312902,-0.346711621749434,-0.483784971883015,0.670429326060929,-0.973283015624006,-1.44955396544056,1.03396140681048,-0.540459462941879,327
"328",-0.663527935753465,1.32488532367226,0.33008515107614,0.679381960098848,1.11506853284589,-0.479696208304964,-0.644147357728973,-0.0334635739703098,328
"329",0.955807373015377,-0.150211992572409,-0.168566633480058,-0.461306796866406,-0.427483903568331,-1.69167533509804,0.473074443858066,0.122212931975704,329
"330",-0.306006719678853,-1.64154059362456,-0.511936733712384,0.202339975354801,0.0499332590567043,-0.398146230701202,0.162912231536974,0.00255030276889582,330
"331",-0.983642630528901,0.975773672137871,0.106155508245767,0.125640802635333,-0.518846752424365,1.40518285186099,-1.45452501571882,-0.488904073824371,331
"332",-0.215808683353436,-0.412356634641722,1.75981016148228,1.16901307845126,-2.37348755701099,0.879312237636253,-0.217843472432425,0.202418983677959,332
"333",-0.306387252923438,-1.07126237684368,-0.575431317391829,0.288703159769708,-0.749342428834417,-1.28128673875954,0.456860396809681,-0.59986453592273,333
"334",-0.787642696233131,-1.06201848693832,-0.102171345349159,0.433532431118802,0.968733120622566,-1.50452760610201,-0.0619916100442037,-1.75012836390618,334
"335",0.128984286985684,-0.331047835649617,-1.21448246270149,1.24832814178361,0.317983307240706,0.073864736108065,-1.13111650903306,-0.201888547100178,335
"336",0.184210092259014,0.0491071002181019,-0.343876067754287,0.582388037732122,-0.0750641837726892,0.707363290780538,1.52080472144428,0.324921186167536,336
"337",-1.06752512313803,-1.07956817859163,-0.470494812644126,0.301412278216892,-1.30356875930945,-0.236128448772716,-1.69618361001688,-1.06000287513037,337
"338",-0.122371997534693,-0.323389558080323,0.419452611892055,0.526045657554407,-1.24262276596782,-1.37149689566087,1.16555669095218,-0.934006734936266,338
"339",1.45473547440194,1.56421602685108,0.29048606042537,-0.448098145910865,-0.0921862745429105,0.319386322381353,1.61391714534369,0.858463531268856,339
"340",1.59786981728135,-0.522574618774478,-0.113783834307791,0.951247523907313,-0.824113957202766,0.683785115152283,0.656748226231605,0.820637448151461,340
"341",0.782384156848058,0.323874620203176,0.610480430464029,-0.561254334117239,-0.135210855510642,0.349461311648851,1.9507162172632,1.15870012932553,341
"342",0.695789189655682,0.406601123522437,0.201918084315874,-0.410832554901838,0.829457065948077,0.457703054327141,-0.0624785951701545,0.0338779834465258,342
"343",-0.776097955992714,0.256025326561197,-1.05019419368368,-0.12355048272062,-0.46392722617775,0.429608628016088,0.147716335730359,-0.888395054321372,343
"344",1.06522955413672,-0.451705937332293,0.182763435286018,1.08425188947575,-0.28682137689591,-1.58442811393844,0.574029296770922,-1.28339812984028,344
"345",0.855255380323136,-0.0665076007970819,0.280424867310563,0.691593661514118,0.399753362185627,0.415240897876663,0.674411758676098,0.144381239831148,345
"346",1.15187531976485,0.114288807944651,0.793862104756186,0.676167600838387,0.0267869126977458,-1.26281912855983,1.05933000362448,0.928707478081424,346
"347",-1.1875094419496,-0.954212464632409,-0.549100952160188,-1.43794689179572,-1.3885827793624,-0.893570225467324,0.0968980604999509,-1.17711524486613,347
"348",-0.38871275019401,-0.581521672269255,-0.353921589447915,0.419294177048427,1.40218858757772,0.566199836824872,0.0161401507073783,-0.883651732026778,348
"350",1.19507397863825,-0.230773680384577,1.53111661489309,1.68695309587482,0.974260873570485,1.90440842172331,0.826452920078579,1.87813616964748,350
"351",-1.00702642075132,-0.468784620671206,-0.706559657260874,0.164291307798049,-0.358030628939452,-0.856865310982419,0.372216179279928,-0.869703679769766,351
"352",-0.171704982765669,1.10951671266127,0.344859373975492,0.380196951569496,1.98533284068801,1.06930950782631,0.37204631723056,0.617994880551312,352
"353",0.0856310517325304,2.08926826927256,0.138596274560643,0.796477256615619,1.55390477862444,0.464935302333053,-0.569955355396704,2.26884336252031,353
"354",-1.20069111906263,-0.495503951355209,-0.00377400823813519,-1.61990501958792,-1.74633479581489,-1.01553815007404,-1.95682649020421,-1.33096189018348,354
"355",0.575200778159804,2.31122478036374,1.72479673180899,-0.478921433999508,0.284867165542381,1.99288101857663,1.34731291790803,1.67454799439595,355
"356",-0.424352601664655,-0.311240862146194,-0.650031275882143,0.362331779760941,-0.429947737024414,-0.751753935671118,1.48894697968337,0.372801821163081,356
"357",-0.776094127084126,1.62647965171445,0.293660855035611,0.781861719082594,-0.0833653849894836,-0.490986030226068,0.0431703046301762,0.613786738681067,357
"358",-1.11732105958517,0.062161770348519,-0.837353477934113,-1.29236909860277,-0.701927921978709,-0.721871717784893,-1.71920964073275,-0.551893365615471,358
"359",-0.0905713838781967,0.624611153997005,2.07183055543785,0.495071787785383,0.454561495196149,2.76151522540547,-0.16275319668109,-0.35540094369827,359
"360",-0.16352872519191,-0.515579654538178,0.825427743407643,-0.818403302894188,-0.635944514515122,-1.22560763232022,0.809797378630812,0.0459072363233774,360
"361",0.000678276807764479,-0.860282242332775,-0.88418947946117,1.62270110590418,-0.836525219239234,-0.795196358197458,1.61809728962873,0.180097857257956,361
"363",0.047977729870054,1.49233209652071,-0.409721988204183,0.958013417212632,0.153042763784621,-0.0816241971854131,0.718068514235323,0.967387990174056,363
"364",0.330574165943636,0.362244462688052,-0.0442138395548648,1.67779674494999,-0.947535361663758,0.922895454690085,2.36793964028237,1.25809695189666,364
"365",0.0716458224923086,0.348582246377503,0.568982692837965,2.17000712503214,0.00827274596031762,1.43313948587654,0.163203078392747,1.63809330291809,365
"366",-0.640438869130552,-0.19234180951013,0.295960396738085,1.24602343423746,-1.1652323796927,-0.376394294010618,-1.93813984678234,0.302708622304614,366
"367",-0.429228450385686,1.02288594554951,-0.0566647532442315,0.630383755765495,-0.582520818009616,-0.218348249560899,-0.0473596133216083,0.630574438235737,367
"369",1.52577983323685,0.738076352188187,-0.283070672613155,1.23263887699632,-0.346265683609922,0.848852247605801,-0.335857971950808,0.765321066072372,369
"370",0.907095606879721,-1.28537386685016,1.31619704069197,0.950576544571542,-1.24916018152718,-0.950823873956879,-0.48315508177608,-1.88025654683452,370
"371",-0.748384166353399,-0.462896325646871,-0.652890113449758,0.267993918665407,-0.533365921752582,-1.19183916533011,-0.304076365513682,-1.09262609367799,371
"372",-0.649966369012809,-0.563193321346871,-0.541444309419618,-0.114174557558714,-0.490165018752527,-1.36210416638873,-0.133017767769235,-1.45260864284707,372
"373",1.19638499335683,-0.295218953769891,-0.328220233768869,-0.445266994868659,-0.176499662942779,-0.551834673967117,1.8898235259437,-1.17389157580049,373
"374",0.0165593685562437,0.137318206777789,0.0449628353064047,0.511347315961346,-0.341314409871432,-0.271201155416664,-0.0634785077921427,0.731138384439189,374
"375",-0.226714585079992,2.05303056429361,0.139582591722035,2.00550414026421,-0.707455412709595,1.77190946846004,0.340909747616666,0.994032963905792,375
"376",-1.26576520336524,-1.18245610080685,-0.299905852715746,-1.69078399153191,-1.87791648914454,-1.03366752457735,-0.965983284696771,-1.43918463074746,376
"377",1.05891406823419,2.11191132152028,-0.725194684415564,-0.290701604009999,-0.926207710431633,1.32092219111713,1.85229906623856,-0.17068656349572,377
"378",0.361903490167636,-1.43552772601621,-1.20051558518197,0.169254876270694,2.27076599269097,0.317580121676999,-1.46444926156243,-1.75099311295079,378
"379",0.0715629569095092,0.887755445323113,0.594757918211707,0.699778120656297,0.543557050225019,0.848451501343926,1.74277152397831,-0.708624110786378,379
"380",-0.135305381417018,0.660628346755612,-0.224753341304324,0.49114086770126,0.0315301277535288,0.274578946210913,1.95654051059302,0.301609921705795,380
"381",0.484134830459503,0.668895321524451,-1.28237444227201,-0.680044373167348,0.821406405694049,-0.358831559353459,0.519304437197805,-0.0988465326714006,381
"382",0.0639514503170283,-0.590916454849443,0.887273305049905,1.09174433355492,0.978813555739125,0.672532034697773,-0.783834221439401,0.676459569606272,382
"383",-0.174777948834672,0.0641215817888159,1.45362622062803,0.870067325716646,-1.97007810870153,-0.747468935178362,1.75155735202006,-0.0596789334394449,383
"384",0.324365915020607,1.09286685693759,1.97709194134529,0.664058894643728,0.316049788648441,0.078210656336499,-0.416045401840295,-0.0164333742860615,384
"385",-0.781510197836509,-0.0887852808086284,-0.355519377130872,-1.39183521703144,-1.12075876691886,-0.893134533990592,0.0179762232019908,0.44371165626725,385
"386",-0.287619996857776,-1.18158809301897,-0.284955108699738,1.262414324448,-0.861337706826053,-1.61767322221725,1.39562496450272,-0.0519857471153016,386
"387",1.19559913320159,0.302812076676213,0.277478470885028,0.507119179765304,0.243826437041742,-0.617956250734571,0.323293158420236,0.510692708604692,387
"388",0.413472447389994,0.65147795305275,1.43116508650541,-0.684870795847794,0.661677446551764,1.38435042735652,-0.290808723783787,-1.11457665576645,388
"389",-0.0934629915996925,0.347394938500632,-1.09000610291958,-1.15274821823481,-0.844255260528424,0.148695343965932,-1.78588290854087,-0.670254511069458,389
"390",0.753890579506584,-0.327553872430016,0.709807459273139,-0.650893527637791,1.66167321654438,1.04593220178845,1.85650505945432,0.10599831652333,390
"391",-1.55116542928042,-0.151801741444361,-0.0686586792881752,-1.59755090584028,-0.442955683827883,-1.05062888759624,-0.757443090524857,0.64214508371103,391
"392",0.0261917608148719,-0.553553435481112,0.0334418351465824,-0.915109188521314,-0.260659262543311,0.177997647125534,-0.487403828400266,0.568866427823856,392
"393",-0.175946763789582,-0.409342977934324,-0.60380481913713,0.0712998627301865,0.00686145203594329,0.468766609924442,0.105897519094884,-0.0706102456492162,393
"394",-0.453073652576183,-0.0304290830944151,0.154692505081577,-0.339507434267523,0.684338481746257,-0.113076268476325,-0.309907740171659,0.842818313639697,394
"395",-0.602048302504861,-0.169471864336279,-1.02734809279914,0.932197453247589,0.608393358885814,0.134316019676221,-0.674847300224928,-0.289818047952127,395
"396",0.30684577409096,0.790123010856656,-0.931546861948159,-0.783746631832408,-1.279185910431,0.0138534662650252,-0.414372444517006,1.61844854540015,396
"397",0.384629822351463,0.762377346001398,0.300131900939976,-0.171990712749548,-0.862373605591061,1.23878520383636,0.591020865867177,1.23195729810954,397
"398",0.532296323378714,-0.147683694031483,-0.360945358890604,-1.00253490623109,1.12501309491487,1.05059190870712,1.24897449990299,-0.371210734654469,398
"399",0.173912223477215,0.282326468254651,-0.0352565900195936,1.70540758503746,-0.48343489803405,0.851944295128081,0.829205183383448,1.22439598185124,399
"400",-0.323625837906262,-0.16093384070554,1.21480503950787,0.614762211793699,-0.734404105519273,1.48257823003106,-0.558398715091785,0.514091983018731,400
"401",0.0806411534499383,0.331313561893637,-0.61744577869216,0.752497520691008,0.334897031042087,-0.392841829481239,0.803414484511749,-0.0930083770104078,401
"402",-0.0255109054981408,-0.483440864285039,-0.235487422607767,0.682177471379099,-0.6466646988546,-1.54443872123473,0.753308219323784,-0.632126140412714,402
"403",-0.49529832391895,-0.898989481293342,-0.32191702617756,0.208491936017962,-0.0508711633370542,-0.568968020160821,1.62145530328493,-0.749832155655965,403
"404",0.250201615134609,0.101989150271139,1.39794074962309,0.913476100323226,-0.800669299477848,-0.100646213741561,1.74100214562084,0.152356777495341,404
"405",-0.404114052016006,-0.928569192129648,-0.912864384622332,-1.15544355401303,-0.856381219931303,-0.545756148150724,0.559208489271562,-0.815648645750116,405
"406",-0.0562206961332181,1.31423146217729,2.07848517675589,0.281427982253205,0.718662889670036,-0.282000498671313,-0.666594249056392,0.353051244205529,406
"407",0.101649204762001,0.860453785280949,-0.310502343722173,-0.408039322079519,0.777018935148213,1.0065424022645,0.251102003568442,1.33417820250083,407
"408",1.7412330587497,2.03907173727546,-0.514334347007012,-0.761127480733111,-1.25730712255668,-0.190979729248926,2.42471564543446,0.316158250781656,408
"409",0.263223966914228,-0.790284578745145,-0.915508353356925,0.0179402707986542,-1.08309704653553,-0.667574570850073,-0.350319488187659,-0.0810880919021831,409
"410",-0.40001510618488,-0.590244731799632,-0.510025236988299,-0.887835539017892,-0.496357346636954,-1.3689643452378,0.0759763207815118,-0.400464643465418,410
"411",-0.155289907453792,-0.774338877959242,-1.06496859565415,0.913726364648731,0.386660262183263,-0.829206071317786,0.124424804805986,-1.10793139574947,411
"412",-0.32649388330166,0.980418149124991,0.563906736930529,-0.546758159319773,-1.2634730219486,0.853541061190261,0.946124546000512,0.440798702573043,412
"413",-1.24231453984286,1.21118548787137,0.86835934992505,1.91438114331509,-0.126222146521121,0.361270314936842,-0.169726584892989,0.544235845027662,413
"414",-0.826210160805902,-0.253648718740932,-0.347127565768131,-0.341102920404441,-0.223609997951821,-0.527781796539937,1.16884787582857,-0.234684481616067,414
"415",0.772128728885551,1.43919352524258,-0.570900026007866,1.0776601637514,-0.108715721210273,0.0433322868154695,0.461829713855617,1.68146726126059,415
"416",0.145457943257521,-0.700759602355645,-0.192049232013652,1.21876175488338,0.00135704938785978,-1.44789122425213,-1.12720888474341,-0.0556786514392553,416
"417",-1.01586443292272,-0.359239363738872,-0.13577182549528,-1.78859061226849,-0.746804673973419,-0.927280640227291,-1.26505546721183,-0.409321610246488,417
"418",-0.428826115452208,1.62318002386999,-1.14536651754531,-0.564134080799777,0.996842766849133,-0.167518364380826,-0.0974385735036108,1.54288789392749,418
"419",-0.498344085267516,0.451800031939507,1.28930779910366,0.31439393972231,0.0120896409412491,1.84796200353367,0.298657398176352,1.84990273797684,419
"420",0.918842904606792,-0.176476784105152,0.173737661761501,0.509212581897763,-0.133152399763842,0.3553197075963,0.852489814892034,1.47100176284533,420
"421",-0.393484122873907,0.129447718206401,0.0999345790209525,-0.37066448624837,-1.20664205407266,-1.42054661778343,1.0056633203644,0.058364552038043,421
"422",0.691065068984525,-0.538264548584836,-0.889702311077522,0.186971757834582,1.10190376237174,-0.553154909203915,0.333299007937727,0.120998142549971,422
"423",-0.454522321662564,-0.129261234218402,-0.0332335127484645,-0.869820655444922,0.377344745278319,0.645864724453035,0.200168865921947,1.4733624919965,423
"424",0.85375177675976,1.6515767309809,-0.808467465637147,0.888469086174812,-0.0137328354353201,1.12530469864598,0.620061926319064,1.55120009825739,424
"425",-0.42159437222636,-0.799812181574818,-0.79598206096917,-0.475210824432377,-0.918223991782125,-1.11367203631231,0.962729399075279,-0.41122846246889,425
"426",1.29207735580171,1.59575394609382,-0.285012824710897,0.868034294631975,-1.18508855963044,-0.135541009204937,0.671853760227602,1.48648711188003,426
"427",0.375022720845386,0.54213318841747,1.3228638603697,0.953853785102533,-0.831787391031123,0.101212857667798,0.788786148225203,0.877485192715952,427
"429",1.76177226477575,-0.886886063747227,0.256026975143476,1.09754126811652,0.499836911023632,-1.50229001702544,0.484590794133083,-0.351165566851095,429
"430",0.255529166051422,1.13325739958457,-1.77125656270574,0.933995295703925,0.702811220233255,-0.505063280162519,-0.0186722322358786,1.46190431574284,430
"431",1.65774131544117,-0.0428092584588771,0.814704930740042,1.1142316276964,0.240324658074378,1.06242316816446,0.983243698337959,1.44366055734695,431
"432",2.10940786968124,0.648665199402048,-0.849537726024681,1.85315641698146,0.778104285328512,-0.455116018577823,0.411454064485967,-0.540179058164655,432
"433",-0.80865895732211,0.426643003512168,0.580957335556248,-1.16179081948656,-0.896641787966922,0.0747179564689119,0.586281686211264,0.30533652693366,433
"434",-1.1209987481847,-0.765023551068747,0.26793870008239,-0.186136764505924,-0.761294126160876,-1.01857055051499,-0.736008608988555,-1.19407174521977,434
"435",0.580589123094047,-1.41826519399643,-0.440367324221797,0.852075338282123,-0.280726724861924,-1.14657116118476,0.581874304479744,-0.485949065035503,435
"436",-0.558041225847073,-0.547039711996889,0.305048665123584,-1.29728391935369,0.534935178316799,0.372193607534681,0.281751401744004,-0.330901554385237,436
"439",-1.30886782923017,0.123513460878072,-0.908484889435253,-0.319849527916082,-1.0237131593126,0.471558952848806,0.984036191129793,-1.10561272238421,439
"440",0.716580791110018,-0.422705489449979,-0.537113524631276,-0.00603754954259085,-0.135861939188042,-0.997062819823545,0.479742583227386,0.18208590659871,440
"441",-0.239047510060232,-0.757891954040221,-1.20341052146485,-1.01139005818685,-0.101446229512247,-1.11314725406829,-0.622194814298585,-0.816771201355815,441
"442",-0.188540390806935,-1.17043633799327,-0.227679776962308,-0.100166938840033,-1.04779959804087,-0.807213275733573,-0.344889995650472,-0.900444049416302,442
"443",0.283316516014839,1.36816142659614,0.222912733224909,-0.392257481910651,-0.239218419088912,-0.429410448080538,1.30022181584151,1.99485556562031,443
"445",-1.22594750245171,-0.729196758292292,-0.703317388158489,-1.73260820163344,-1.16777203752723,0.454886614571918,-1.27072138448837,-1.56083249516103,445
"446",-0.614739420093304,-1.53523100500756,-0.7812175800793,-0.212229107379381,-0.286640881634651,-0.728344418963395,-2.00847396028291,-0.763543384012672,446
"447",0.514644633374344,0.0842835796640529,0.349745282048446,0.455663384647476,2.26903989648825,-0.344871960813566,0.127063767818308,0.779040689867761,447
"448",0.622836747967931,2.53191663430078,-0.15827761334462,0.507350274713458,1.47729615921182,1.17037832053712,0.699075503429878,1.41365619544751,448
"449",1.79803756971411,1.00837043831664,0.0975331050474937,0.887932635186626,0.100736673873528,-0.115315509790604,0.221479859242907,0.322301035626825,449
"450",-1.06623456968888,0.793072514874314,1.06298363851282,-1.66567079770162,1.21662019693038,1.32452756621454,0.732890371655126,-0.475381038033299,450
"451",-0.547442241415776,-1.61429076484402,0.991633209300947,0.100024439061151,1.97248533513615,-0.307827028640848,0.0707242588936957,-2.02116649605614,451
"452",0.809168088976779,-0.89052368827426,-0.555665031324217,0.955889668880631,-1.51752222169733,0.564226580473511,0.925554447539723,-1.65468310495065,452
"453",0.588658604461099,0.0534742225827924,-1.01779685578548,0.670557467444822,-0.807258210504776,-0.664499312131854,0.923711083049529,0.45863527384006,453
"454",-0.517309630547634,-0.511252491207081,-0.844768306393818,-0.362636021604212,0.133364107053349,1.37863094926736,-0.280979110863555,0.157885089902357,454
"455",-0.890722368142354,0.266668945686103,-0.867692044180212,-0.773047249313857,-1.00230625138964,-0.00231371309562397,-1.52771886251521,1.15112294942807,455
"456",1.01366040912571,-0.106234855385302,1.14165357136817,-0.180390625147256,1.60532776066839,1.29337488585868,0.312949689477544,0.348710071334301,456
"457",-0.904357524530835,0.240449156883224,-0.362553248861128,0.708216284775282,0.370863204690291,0.374651523996565,-0.117690368480132,1.41732203927139,457
"458",0.48668190996764,0.289525696391694,2.11238973190581,-0.786398177363859,0.0567686884377658,-0.173100791735437,0.285478332960135,-0.0191736608907141,458
"459",-0.186261023248374,-1.64137538862699,0.0224154751571973,0.31409116336744,1.8383005556975,-0.208008477682014,-1.14107591136962,-1.45723182296566,459
"460",0.301935871520836,0.130310241223203,-1.29075943011694,-1.24458250371171,-0.636591831492794,1.2885795294291,-1.19548455650457,1.15570581071872,460
"461",-0.957559043429444,-1.06294498505677,-0.510678169578045,-0.95015964588266,-0.855860194288484,-0.449828601558087,-0.30672970352187,-0.196852992250971,461
"462",-0.573611166066364,-0.705147109982933,-1.10598553237489,-0.129372004380591,-0.689631698622676,-1.27944892985647,-0.386551801452794,-1.73447709676675,462
"463",-0.0379408746894564,0.550580233950646,-1.07520624732576,0.673886617445176,0.526811812699266,0.160627280278256,1.40738436544067,0.408335674969148,463
"464",-0.206701490715282,0.352331809454963,0.369845498989662,0.573687669216229,0.131956676742592,0.636890250472058,2.24965117406085,1.18558031235288,464
"465",2.21311181268831,1.23518300624042,0.199803487256002,0.490567734268362,0.271438642535562,1.70921818510409,-0.151854434654183,1.514103412903,465
"466",-0.778683836588829,0.197044516585983,0.334833893219708,0.147522453704699,1.98573095726277,0.0640009096469448,0.292504570227209,-0.305227192199599,466
"467",-0.768645580219443,-0.873828489400741,-1.23190096248886,-1.14239847705196,-0.305793562736683,-0.431315550056412,-0.637564270112769,-0.528499047303542,467
"468",-0.359743919036013,-0.990513295964212,-0.309249895915867,0.456906004292003,-0.763960519765983,0.171441592239734,0.306566558368638,-0.693193964863167,468
"469",0.219503642645956,-1.25051980951002,0.156259427308416,0.614932687557338,-0.0400325566615109,-0.607565543377834,-0.142090314147849,-1.29684485135425,469
"470",0.945069555141999,1.25044034179022,0.979080482623661,1.84757613535192,-0.75277433553559,0.224243536762978,-0.139743051818101,0.818493703255801,470
"471",0.200801987935038,0.166256986276747,0.442725933815293,0.786237383864965,-0.64050785081523,-0.850820145803239,0.609812049072817,-0.895933596225722,471
"472",-0.484732139967466,-1.12882065796938,-0.641539742420111,-0.598128584790696,-0.335614260908507,-0.722596125220946,-1.58480482365281,-1.79727005205721,472
"473",0.647880254602732,0.0416015785277284,-0.274493556652938,-0.342082476151535,-0.121082430117044,1.27779078416281,0.999452508200355,0.836980779485746,473
"474",1.54669940646421,1.13693770576534,-0.579909517003361,0.847502666713724,1.18875918391451,0.120983438783008,0.0254549704594072,1.38509425423555,474
"475",0.562983277330707,0.910394712750316,-0.203475831644363,-0.393959695171122,1.33077127586924,-0.249417551015017,0.609260478157726,-0.231583595780648,475
"476",-0.668282810627855,0.719744681977239,-0.564195968443206,-1.06305285329792,0.199450296389866,-0.973310518758108,-1.75832225201481,-0.416842037453924,476
"477",-0.314318420328062,-0.122805846420014,0.101458500854702,0.0467051686776717,0.202342127864719,-0.4543870215797,1.34161968754803,0.681076963710599,477
"478",0.235773015641887,-0.0901316906824373,-0.163519247552068,-0.0942355436061429,0.495660790470524,-1.27293234204695,1.57978105982292,-0.0376581756552375,478
"479",-0.328523332763384,-0.252927629793075,-0.440930658277211,0.0059939513759972,-1.63346634397426,-1.30475231057521,0.178115409677132,-0.771181485466577,479
"480",2.34485574997322,2.4175936836115,0.482279134008198,0.0618502430350295,0.532064394232393,0.479177822519103,-0.0366214671059059,1.78343362224958,480
"481",-0.275577878985179,-0.817793431964752,-0.400204607851125,-1.21139075922816,-0.754731645229289,-0.417030853941322,-0.261519585783802,-0.742917108309393,481
"483",-0.649356180973745,1.18585435892138,0.0163305446228288,-0.304311429911324,0.758072014422657,-0.263661460474203,0.573334134238988,0.850796147678373,483
"484",0.81384848255522,-0.337736938658992,0.029459457937053,-0.402547677294181,0.0138913750566176,-0.219986435283785,2.15852422258364,1.04741897208462,484
"485",-1.26642837581894,0.170748070781949,0.62786253891426,-1.68087153539706,-0.486922503827014,-0.27307286773898,-0.416488196511876,0.79872213544316,485
"486",-0.0853814570962844,-0.676455202814744,-0.333350113291429,-0.592314965980866,-1.30115981645499,-0.662515473967761,0.182615628558232,0.142317470979841,486
"487",1.91414677808907,-0.57889993041868,1.69712175649928,-0.177473258373558,1.61741389048727,1.85906311326757,1.66768242457299,-0.568597438332877,487
"488",0.0133841963056491,1.03821167582024,2.52439115662282,0.658072862400445,-0.101872825477111,0.0684875006092215,-0.108753320038656,-0.397236435145099,488
"489",0.287648687917552,0.0587183100696643,-0.0591041985449456,-0.0884122765901513,-0.484896557664714,1.39422765631811,-1.10156328620805,-1.21236081535351,489
"490",-0.451790965139013,0.0655229531506615,0.394579693797119,-1.37532445600675,0.472555109398716,-1.20850988915736,-0.27112458544667,-0.285505082056486,490
"491",1.17823393400986,0.412441602907604,-0.803130371726212,1.54375191096715,0.650282326442478,-0.619941449094036,1.42802464398585,0.307183699524645,491
"492",0.162725177042889,-0.593571647313516,0.0616218714777756,-0.477386458997034,-1.5290705850739,-1.13199995407448,0.145902302789087,-1.12886794439487,492
"493",0.539948978554534,-0.0755745822285515,-1.02782773046685,0.756927725677389,0.769239670378887,1.32133882808085,1.05855601497012,1.33064515277779,493
"494",-0.24383357744709,-0.81792739477076,0.147585544872546,-1.47074299407866,-0.167411196042229,-0.179576111517144,0.20592811069199,0.491484188270345,494
"495",-0.641400788022123,-1.01920344266802,1.02611611237085,-1.79389501124409,-0.97737291683047,-0.994508832036445,-0.0539053493803853,-1.45432463980656,495
"496",-0.764136186025287,0.73604901607313,-1.0582372885111,1.78991760243946,-1.5860922316973,0.590891086046428,1.31645763558477,1.10132898007016,496
"497",0.0331407128762789,0.483366796032231,-0.644282363098351,-0.475618746381176,0.198763085368382,-0.637715953582677,0.633104579957769,-0.420907874659829,497
"498",-0.511579764796276,-0.661139842874831,-0.765878586152917,-0.0714750097839264,0.00545192319496363,0.807309802428753,-0.19565710761947,-0.619817510312241,498
"499",0.509739516286318,-0.612363062291085,-0.619974853720641,0.783643461451211,0.592125452578078,0.017113180795632,-0.480107263088106,-0.331579605436501,499
"500",-0.910857562387795,-1.19067141167838,-0.770117700557326,-1.31415162064436,-0.481557208849872,-0.216608412203868,-0.170521273941675,0.0651434861670891,500
"501",-0.758725844990967,-0.516337107815754,0.310004821443255,-0.600722305887046,-1.89733834407488,-0.411884980777291,1.03506650314854,0.693210727479665,501
"502",-1.01001399677826,0.0390420195137023,-0.987894880767024,-1.03543236468513,-0.345757020406173,-0.366023683076792,0.567013451728483,0.906547260995373,502
"503",-0.568350263306525,-1.35590413679652,-0.278529869736588,-0.909955455509345,-0.291081983109067,-1.11827737525498,-0.995808177631547,0.213964087297463,503
"504",0.6586007299476,-0.74992657867684,-0.784217720642273,0.177656745672963,0.200614122037528,-1.26724012578102,0.127307187053759,-0.404387375174191,504
"505",-0.365980598050133,-0.589407676910009,0.110949748566612,-0.334265868095449,-0.115590998603022,-0.0512465709343327,-0.22569643300463,0.608400179789261,505
"506",-0.610535995565428,2.00212834995175,-0.754761238463057,-0.458412041716741,-0.6011147480635,-0.13540726525561,-0.219038004536708,1.13412958390615,506
"507",0.89750590791846,0.508470776319691,-0.395572961751936,0.588423589038977,0.0619788427683998,0.6126558708554,1.73638213716377,-0.503889026740762,507
"508",-0.987016781536257,0.911674562184375,-0.322154933340389,-0.823010542514353,0.0520670821459559,0.18313844282265,-0.00347876453445674,1.13606822316468,508
"509",-0.951418316952731,0.17027523802202,-0.806175856306579,-0.470107388641175,-1.51696104952404,-0.535989200790887,0.443934945380846,-0.760782094328154,509
"510",-0.531702187329745,-0.688560919899097,-1.22686151370461,-0.693963265225213,-0.0213904107102789,-1.21718726925554,-0.470040648561216,-1.19853265346299,510
"511",0.447275542403898,0.729467034095415,0.443992167210153,1.23827901325265,0.90014443406869,1.91970768134701,2.60641106224894,0.3122175146328,511
"512",-0.550492513122101,1.2988942344603,1.96451324320913,0.487890874853642,0.42689587759852,0.375086063096964,0.510085734370159,0.619370717994325,512
"513",0.451521731623927,-0.770785771938999,1.18913781667484,-0.0256802191475465,-0.47839149457606,-0.837640692340766,0.844147346401633,0.572039073902348,513
"514",-0.231999389298143,-0.60686090209964,-0.756827547013183,-0.65653962472668,-0.575187296092987,1.09861616595409,0.163513833659413,1.16380762210501,514
"515",-0.024094837107554,0.249940950909267,0.0312118897469277,0.730471577193565,0.850266317438442,1.43847375465597,0.742152406104205,0.102316701870597,515
"516",-0.612302444044558,-0.767986085318572,1.28689595815873,0.65648486022757,-0.591452191888872,0.058443102868288,-0.236884593607847,-0.605849293883377,516
"517",-1.07572095199415,0.53468970153194,0.517821897184293,-0.405647899394135,0.767181942339476,0.153855808638786,0.706434991896934,1.11823959689185,517
"518",-0.397521583881514,-0.485965995908727,-0.966244828497824,-0.453411555090429,0.633938491975637,0.123346199750688,-0.082027739852255,-1.04663551100297,518
"519",0.76799286607252,0.141095466852409,1.26495443270851,-0.00814989980898209,-1.21401141013082,-1.10365289188041,0.193638604626338,0.77293439941678,519
"520",-0.614729051109074,0.0405352466433804,-1.31898895923974,-0.420801653246439,-0.357597466871767,-0.26612772472366,0.37284576886228,0.338901206321546,520
"521",-0.490383650466122,-0.082603017974186,-0.693771122898562,0.810244885570025,-0.677487703757815,-1.55943641931828,0.0537171870519599,0.0928301114791512,521
"522",-0.170669953458403,0.743477628518894,0.0658039762696055,0.0483999414114668,-0.106686607127253,-0.311208140397662,2.38378392186096,0.661808271550109,522
"523",0.138965689222836,-0.98240751817711,-0.619034599590134,-0.318829432675898,-0.506585017694141,-0.489854608779183,0.478989605310727,-0.838637234652635,523
"524",1.26687873259218,-0.511103393642552,0.336983508106123,0.772154625481839,-1.5864469488284,-1.97056469215045,1.33971874331037,-0.932512449479934,524
"525",-0.307308407547336,0.27283562153959,0.509024349687085,-0.456875520906707,0.317134592561508,-0.340452873708596,0.771546682597393,1.97240394246808,525
"526",1.57676763785557,0.855164302105522,-0.672832701101859,0.50099619948808,-0.487473481179768,0.497513113245659,0.515234115922264,1.3099707573551,526
"527",0.428145072466325,0.0891304707455905,-1.02832290997525,0.404585951508854,0.662962620106038,-0.15231896804335,0.48432407090666,-0.0782914977000997,527
"528",0.580609766837778,-0.0470617651271639,2.02425054321917,1.15486083096576,-1.01270257256937,0.42961957042366,0.980730262317919,1.00344929758214,528
"529",0.522939512371708,0.681826772103759,0.0752016521154698,1.13855839386936,-2.18239540533307,-0.627060469994674,0.995354413241328,0.755499250925962,529
"530",0.948148444190255,2.38488168305436,-0.0707052729079531,0.288704751196671,1.66273484949954,0.101452781988702,-0.324508207251464,1.71634541972069,530
"531",-0.986398839443121,-0.624029004037824,-1.30761988453657,-0.802543364332995,0.356243147560348,-0.203126789853046,-0.855850919442442,-1.0781933682129,531
"532",-0.507451297533289,1.06915846715788,-0.757116830347807,-0.674413186654161,0.634507814428733,0.13539495929525,-0.606807238238129,0.519700730100247,532
"533",-1.43917536211027,1.16871520110824,-0.264431910235703,0.35697002466474,-2.01958632366217,-0.239771507109515,0.470167479797906,-0.0365812424984794,533
"534",0.485728845465319,-0.0757665645211522,-0.816667705776017,1.52806836412542,-1.13176934861115,-0.345000565754242,-0.259055092439751,1.25269588743338,534
"536",-0.563624311156265,0.259862326114089,0.847261043414123,0.00522938057394273,0.718179430932972,-0.0900410370708753,1.60719516941748,0.193123037257607,536
"537",0.966019675576625,-0.675529400104316,-0.0687427712839166,-0.486790106792652,-1.01493654042041,0.302185944806001,0.171357385702367,-1.96180865147278,537
"539",-0.626499676351839,-0.455233380945201,-0.386388853016111,-1.1752340456968,-0.197299453708897,-0.0614498002005206,-0.57212589913914,0.287994383518971,539
"541",-0.710974631467331,0.606008321018578,-1.2860962953297,-0.683017699260692,-0.682672201146559,0.0133467554010821,0.442321173919102,-0.0428725428733001,541
"542",0.862484612164431,0.712827404202253,1.87842789248165,0.892705031546677,-0.638948503191284,-0.0491493817401688,0.900916773536278,0.966354033504964,542
"544",0.244262145969796,0.090169966763557,0.293792184115992,1.07881411068944,-1.09289979574831,-0.443380679577632,-0.0337785135517608,0.895801584770317,544
"545",0.29817061874969,0.0413480761273769,-0.579417739929458,-0.368412855419681,0.778898434870621,0.62523843800682,0.438068548892346,-0.134222371381755,545
"546",-1.02962816344252,0.614014484118374,0.788477903997091,1.03687482191589,1.94274845648014,-0.534120315766713,-0.351581841761803,-0.142684969798177,546
"547",1.40379036593824,-0.193097301774809,-0.0905528526882691,0.429067431937995,-0.0145242825404714,-0.333580763770374,0.0579556941511081,-0.589812469383496,547
"548",3.01872938933439,2.15076068257451,0.738622366937344,0.951363814195542,0.537864175999054,-0.140840109240979,0.0227690893653995,1.64479657500038,548
"549",1.70213329708819,-0.991924626896261,0.666514398819455,1.36708126433197,0.914518908207308,-0.383457800198029,-0.140195406365328,-0.126037114115951,549
"550",-1.12314659111102,-0.655849789076983,-0.531021741673183,0.13027192906276,-0.279340757410097,-1.03742034375656,-0.834891164925777,-1.50392124494414,550
"551",-0.260579440955733,0.0498826499478787,-0.141145327944641,-0.369539983527182,-0.825631228687658,-0.215230329495181,-0.664176847712214,-0.787421349446226,551
"552",-0.930152376485683,0.969174555809578,-0.531961811545029,-0.525165774071818,-0.318201719980184,0.899451644867918,0.25828995009337,0.745663860060725,552
"553",-0.577934762619527,0.86220365126395,0.645793521990692,-0.393401702372445,-0.552227313381966,-0.909814295679974,-0.0200668953845846,0.340528467352151,553
"554",2.6722738431122,0.432490832288758,1.44927560165071,0.789286792893669,1.62727196378304,0.349294503969766,0.336404103961046,-0.559935818304439,554
"555",1.38064222089823,0.70718166677572,-0.203709636791959,1.66001808137338,-0.131176485342566,1.59894450742844,-0.0501500463429092,0.436214906666369,555
"556",-0.384369137054109,0.428469663296474,-1.13593895181874,0.69235913522762,-0.903922445947901,0.706369969446203,1.96240456602454,-0.511193829317372,556
"557",1.22751531910041,0.895994092034124,1.31466058398955,1.59103238152679,-1.21208696148865,1.05138550795902,1.85945368013306,1.35354275588002,557
"559",-0.921144677969751,-0.376633986014818,-0.544621532749382,-1.34951793857328,-0.600178486820747,-1.53844157942855,0.375751660579572,0.0891413384746986,559
"560",0.670636249619907,-0.205791389149988,0.604610878861655,0.96001240800706,1.11372026973409,-0.693923212805774,1.97777750267787,0.390395311489594,560
"561",-0.256228103636717,1.4069702081419,-1.12037716753333,-1.16859484621726,-1.37077236512082,-0.604486921608451,0.562924280861524,0.362075083076753,561
"562",0.0549577506856136,1.71194380594513,0.115817426155418,0.68914358891706,0.0198805745736094,-0.198295310234345,0.757607765847403,1.33972534843572,562
"563",1.41707377984087,0.121076393346983,-1.74318397409552,0.356949804357697,1.66019445129515,0.789954989802672,-0.296142266995893,1.66285338727903,563
"565",0.253991656000056,-0.349323852703156,-0.542671028110305,0.522645253297062,0.268355108558052,-0.195390093254411,1.60107366809398,0.110869254575322,565
"566",2.63386318494316,0.668537956714684,0.631488827076175,1.01859076216093,0.582727174500595,1.97350879847042,0.500007935013309,1.09430897100719,566
"567",-0.914017797978386,-0.430993619463708,-0.443398519493822,-0.954812082859529,-0.821267824446415,-0.615773011207136,0.355586033033784,-0.826421533560868,567
"568",0.380131585178998,-0.516245123400785,-0.584387009432017,1.01723557545771,1.79780201243554,-1.76464866288076,0.851733299194449,-1.23047546127456,568
"569",-0.761592277793097,-0.323314844725142,-0.638175920442933,0.16378239052101,0.665349535604178,-1.3959777447821,-0.21133394504361,0.76440712665378,569
"571",-0.982805983780161,0.245129943034459,-0.518955509888846,-1.57153803607059,0.376501452533634,-0.585154903169189,-1.65657919216411,-0.733058844680593,571
"572",1.30227637408175,-0.521576344885825,2.18449206604263,1.49012716641499,0.665088375818456,-0.455130409325278,1.48558381438124,-0.374838538990241,572
"573",-0.151520525197449,0.670626621881305,-0.988703700254951,0.055205704053441,-1.10365362438107,0.263082150740453,-0.25845946639535,0.338059285806853,573
"574",0.112600160480886,-1.33553691584085,0.493438621759457,-0.649001731437233,-0.0445771639329057,-0.487743922168215,1.52750112894867,-0.601311582199313,574
"576",0.0322469680630307,0.0492201004363796,-1.34049521780157,-0.0749635316470965,0.046402145510919,0.600077585248049,0.267267717798926,1.97641620843448,576
"577",-0.607933925287613,-0.677559402962626,0.0813393743239102,0.847676957991854,-0.537054926486536,-0.906155373337519,0.336544831604418,0.361215766601966,577
"578",1.09324202595624,0.136378424824213,-1.22764908820125,0.00391808473406818,-0.998624331000872,-0.466018646455714,0.271980522555181,1.10305317905146,578
"579",-1.08870273750687,-0.558387434775304,-0.434066519553958,-1.81907807763934,-1.02383843764437,-0.457196400364443,-0.683719800527829,-0.941858871659496,579
"580",-0.900442546153364,-1.29011756196088,-0.916813392744543,-0.77697934578159,-1.32401474398492,-0.272808604098955,-0.441656425208607,-1.11011284963842,580
"581",-0.246510742809427,-0.965518919537173,-0.524852978404247,-0.756067361245961,0.457151425203402,-0.215486049995893,0.0865776803686025,1.09038223885036,581
"582",0.124731366166776,0.87918238897804,1.49934167736724,0.879909384234508,-0.974449654500058,0.403984501973564,1.4166032690191,0.405805398075077,582
"584",0.283766994535732,-1.53925042640081,-0.762325347356208,0.819792770476624,-0.111602310707602,-0.587423200509581,0.187856730617383,-0.567389347653322,584
"585",-0.603407747372891,-0.412829147531116,-0.224609434069021,-0.748518176278918,0.309378543090849,0.155274485741358,-1.35094210496933,-0.669935871080678,585
"586",2.99157648121259,2.10049639829372,1.73528997311616,-1.05287125653251,-1.49508247534579,1.89637808466157,0.761642035519525,0.700753168077934,586
"587",-0.396398886099909,-1.13963061378645,-0.579704003474725,0.276418173556384,1.28855338954774,-1.07589681359194,0.729544795531839,-1.30014084713139,587
"588",-1.10823995987278,-0.643811310828052,-0.608818649634201,-1.59986868521603,-0.973000252795591,-0.812803871506054,0.158270707467578,-1.83264520413518,588
"590",-0.300803353913493,-0.912891055639479,-1.43087065969149,1.20252531438452,-0.788138108021776,-0.129135200035365,-0.984244954644516,-0.811414596054345,590
"591",0.468654444246084,0.205896500262376,2.79899608071191,-0.227763848463136,0.226521686527723,0.605515966165033,-0.430644080380205,-0.603069192220194,591
"592",2.3089159179565,2.48777249217344,1.03703826775192,1.65863182218843,0.496234045964683,1.40878283153124,0.117956820250907,1.02798692445902,592
"595",-0.0287227620644947,-1.33610914701196,0.209015142186642,-1.33002616360787,0.135705592743938,0.470462037282977,-1.27080955753897,-0.21057090809512,595
"596",-0.718568445868131,-0.83480552819226,0.574889082223486,-1.16947314088845,0.467494646920908,-1.29547679267712,-0.767200569818073,0.125419057408494,596
"597",-0.500746676127279,-0.424078217139591,2.24357309149266,-0.549561015592736,0.967395814979666,0.570347916673237,1.13237248405042,-0.736609919847887,597
"598",-0.861431755348324,-1.00788960990657,-0.522189525609113,-0.314439227596048,-0.832046137016526,0.760268323913566,-1.68401101705951,-1.17831088019101,598
"599",-0.717405358473893,0.335754473000949,-0.559736298163732,-1.17024796402462,-0.323678192748784,-1.17618861310008,0.152169769082805,-0.129835044077148,599
"600",-0.148861773197897,-1.55032621864692,0.564813507146212,0.404083300418453,-0.236761680716249,0.410007979862715,-0.238606020223955,-1.56360654635141,600
"601",-0.64283021341732,-0.603865862470627,0.36786758668353,1.11545365403123,-0.702362515597917,-1.33391499197285,1.06573526490845,-0.605233517250171,601
"602",0.316575725054689,-1.04931323949803,0.275590163595181,-0.533295905175068,-0.140164158537193,0.595336373181044,-0.135570388487057,-0.0372373300606745,602
"603",0.0150802752860728,0.938971813412208,0.675226587844221,1.53125451803026,1.44491692612751,1.58258260095264,-0.305288665651647,0.299792092024312,603
"604",-0.126045854438218,0.293250630014609,1.74206518033864,-0.300639243946596,0.307350267546008,1.23295943568489,0.265074757881439,-0.235384317017593,604
"605",-0.268969702301315,1.41227383336072,1.54205967980121,1.71820827316244,0.535474587185306,0.658518272898287,-0.803742566302656,-0.514636401941953,605
"606",0.760023237344493,0.259933514393262,-0.0530158539728066,0.860571676589411,0.792504062677134,1.68030531947255,0.534764114320503,2.0593409891634,606
"607",-1.31331783179475,-0.601073390505864,-1.17481205272532,0.13083270963402,-0.38283010631856,-0.498552173309437,-0.304520894650098,-0.495628762586262,607
"608",-1.42867111645975,-0.941224362276249,0.215266231488478,-1.9015782863734,-1.13215402527704,-0.496410234113769,-1.25742839166262,-0.0879882640940093,608
"609",-0.246472291279673,-0.289426856986812,4.4043523420918,-0.504464309086743,-0.863240726457467,0.585277817146218,-0.131359762588859,-0.488526018959013,609
"610",-1.0289594051396,-0.774053041918377,-0.939126501528642,-1.61683490809573,-0.990118455386302,0.963566118360498,-1.13544729257367,0.408353248416044,610
"611",0.925939148480365,-1.69218902142314,0.361385835152561,0.537775679300076,-1.04671745287714,0.259291381381585,-0.352314167017952,-1.73337674580074,611
"612",0.851903793328152,-1.08272282057942,-0.646988109027068,-0.902153649132168,-0.24536954908504,-0.0919475992183625,0.455429589092148,-0.53045900020097,612
"613",1.57317545563933,0.180404939537025,2.35828697995823,1.15242460655197,1.98135785742639,2.24176162610701,0.789594940247558,-0.727836031418904,613
"614",-0.948532506893463,-0.664189084248382,-0.924082594535354,-0.676079812385943,0.18144361262447,0.586412060728965,-0.446629489088888,0.488431894819841,614
"615",-0.233224650000594,0.0863947193827829,0.775928804374173,0.950488570468788,1.21152936798121,0.992586170282386,0.440432933695566,0.106051908087047,615
"616",1.63290999353719,2.51459363503914,0.0638806702305896,1.10648199324478,1.54041548301096,1.25073086410959,-0.1832716732171,1.04386520551561,616
"617",2.21221911133863,0.674902894697464,2.31389083537034,1.2698590561017,1.06380971633276,1.97551291663471,0.548903750366356,1.07452658877858,617
"618",-0.744261137562018,-0.980648281353184,-0.378821735162582,0.871294772847815,0.949871387701501,-1.14379999203455,0.725674099415769,0.899860447881668,618
"619",-1.03338991542693,-0.254590792685375,-0.126609411319215,-1.16518688366092,-0.272353425074881,-0.868834371988281,-0.793150571780378,-1.05432886687448,619
